{
  "success_rate": {
    "0": 0.0,
    "1": 0.0,
    "2": 0.0,
    "3": 0.0,
    "4": 0.0,
    "5": 0.0,
    "6": 0.0,
    "7": 0.0,
    "8": 0.0,
    "9": 0.0,
    "10": 0.0,
    "11": 0.0,
    "12": 0.0,
    "13": 0.0,
    "14": 0.0,
    "15": 0.0,
    "16": 0.0,
    "17": 0.0,
    "18": 0.0,
    "19": 0.0
  },
  "ave_turns": {
    "0": 22.0,
    "1": 22.0,
    "2": 22.0,
    "3": 22.0,
    "4": 14.0,
    "5": 18.0,
    "6": 12.4,
    "7": 10.0,
    "8": 13.2,
    "9": 20.4,
    "10": 21.2,
    "11": 22.0,
    "12": 22.0,
    "13": 22.0,
    "14": 22.0,
    "15": 22.0,
    "16": 22.0,
    "17": 22.0,
    "18": 22.0,
    "19": 22.0
  },
  "ave_reward": {
    "0": -30.0,
    "1": -30.0,
    "2": -30.0,
    "3": -30.0,
    "4": -26.0,
    "5": -28.0,
    "6": -25.2,
    "7": -24.0,
    "8": -25.6,
    "9": -29.2,
    "10": -29.6,
    "11": -30.0,
    "12": -30.0,
    "13": -30.0,
    "14": -30.0,
    "15": -30.0,
    "16": -30.0,
    "17": -30.0,
    "18": -30.0,
    "19": -30.0
  },
  "bellman_loss": {
    "0": 2.484344000617663,
    "1": 2.258538719266653,
    "2": 2.9255347043275832,
    "3": 2.6427390396595003,
    "4": 2.2782778054475785,
    "5": 3.1438758254051207,
    "6": 3.1910818591713905,
    "7": 2.9656276313158183,
    "8": 2.56321605188506,
    "9": 2.9967957695325214,
    "10": 3.706806375699885,
    "11": 3.652797405657015,
    "12": 2.282417118549347,
    "13": 1.8666074452075092,
    "14": 1.7150689934690793,
    "15": 2.3570012998580934,
    "16": 2.9929565809391163,
    "17": 1.9256584027717853,
    "18": 3.1128482202688854,
    "19": 2.3132849652320147
  },
  "eval_dialog_turns": {
    "0": [
      22,
      22,
      22,
      22,
      22
    ],
    "1": [
      22,
      22,
      22,
      22,
      22
    ],
    "2": [
      22,
      22,
      22,
      22,
      22
    ],
    "3": [
      22,
      22,
      22,
      22,
      22
    ],
    "4": [
      2,
      22,
      2,
      22,
      22
    ],
    "5": [
      22,
      2,
      22,
      22,
      22
    ],
    "6": [
      2,
      2,
      22,
      22,
      14
    ],
    "7": [
      2,
      2,
      2,
      22,
      22
    ],
    "8": [
      14,
      16,
      22,
      2,
      12
    ],
    "9": [
      22,
      22,
      22,
      14,
      22
    ],
    "10": [
      22,
      22,
      22,
      22,
      18
    ],
    "11": [
      22,
      22,
      22,
      22,
      22
    ],
    "12": [
      22,
      22,
      22,
      22,
      22
    ],
    "13": [
      22,
      22,
      22,
      22,
      22
    ],
    "14": [
      22,
      22,
      22,
      22,
      22
    ],
    "15": [
      22,
      22,
      22,
      22,
      22
    ],
    "16": [
      22,
      22,
      22,
      22,
      22
    ],
    "17": [
      22,
      22,
      22,
      22,
      22
    ],
    "18": [
      22,
      22,
      22,
      22,
      22
    ],
    "19": [
      22,
      22,
      22,
      22,
      22
    ]
  },
  "metrics_ab": {
    "eval_episodes": 50,
    "before_rl": {
      "success_rate": 0.0,
      "ave_turns": 20.0,
      "ave_reward": -29.0
    },
    "after_best_policy": {
      "success_rate": 0.64,
      "ave_turns": 13.2,
      "ave_reward": 12.8,
      "best_rl_epoch": 0
    },
    "delta": {
      "success_rate": 0.64,
      "ave_turns": -6.800000000000001,
      "ave_reward": 41.8
    }
  },
  "sample_dialog_ab": {
    "rng_seed": 424242,
    "goal": {
      "diaact": "request",
      "inform_slots": {
        "food": "italian",
        "area": "east"
      },
      "request_slots": {
        "address": "UNK"
      }
    },
    "before_rl_conversation": "── Mục tiêu người dùng ──\nfood: italian; area: east; muốn hỏi: address\n\n── Hội thoại ──\nNgười dùng: Can I get the $address$ for the east restaurant?\nHệ thống: What price range are you looking for?\nNgười dùng: I do not care\nHệ thống: It serves indian food.\nNgười dùng: I'd like italian food.\nHệ thống: Yes, confirmed.\nNgười dùng: Can I have the address?\nHệ thống: Yes, confirmed.\nNgười dùng: Can I have the address?\nHệ thống: What price range are you looking for?\nNgười dùng: I do not care\nHệ thống: What price range are you looking for?\nNgười dùng: I do not care\nHệ thống: It serves italian food.\nNgười dùng: Can I have the address?\nHệ thống: The phone number is 01223 323737.\nNgười dùng: Can I have the address?\nHệ thống: The phone number is 01223 323737.\nNgười dùng: Can I have the address?\nHệ thống: The phone number is 01223 323737.\nNgười dùng: Can I have the address?\nHệ thống: The phone number is 01223 323737.\n\n── Kết quả ──\nThành công: không | Phần thưởng: -20 | Số lượt: 22",
    "after_best_conversation": "── Mục tiêu người dùng ──\nfood: italian; area: east; muốn hỏi: address\n\n── Hội thoại ──\nNgười dùng: Can I get the $address$ for the east restaurant?\nHệ thống: Which area would you prefer?\nNgười dùng: I want a restaurant in the east area.\nHệ thống: What kind of food would you like?\nNgười dùng: I'd like italian food.\nHệ thống: What price range are you looking for?\nNgười dùng: I do not care\nHệ thống: The address is cambridge retail park newmarket road fen ditton.\nNgười dùng: Thank you, goodbye.\nHệ thống: area is east. food is italian. address is cambridge retail park newmarket road fen ditton. I have a matching restaurant for you..\nNgười dùng: Thank you, goodbye.\nHệ thống: You're welcome!\n\n── Kết quả ──\nThành công: có | Phần thưởng: 40 | Số lượt: 12",
    "before_turns": [
      {
        "turn": 0,
        "speaker": "user",
        "request_slots": {
          "address": "UNK"
        },
        "inform_slots": {
          "area": "east"
        },
        "diaact": "request"
      },
      {
        "turn": 1,
        "speaker": "agent",
        "diaact": "request",
        "inform_slots": {},
        "request_slots": {
          "pricerange": "UNK"
        }
      },
      {
        "turn": 2,
        "speaker": "user",
        "request_slots": {},
        "inform_slots": {
          "pricerange": "I do not care"
        },
        "diaact": "inform"
      },
      {
        "turn": 3,
        "speaker": "agent",
        "diaact": "inform",
        "inform_slots": {
          "food": "indian"
        },
        "request_slots": {}
      },
      {
        "turn": 4,
        "speaker": "user",
        "request_slots": {},
        "inform_slots": {
          "food": "italian"
        },
        "diaact": "inform"
      },
      {
        "turn": 5,
        "speaker": "agent",
        "diaact": "confirm_answer",
        "inform_slots": {},
        "request_slots": {}
      },
      {
        "turn": 6,
        "speaker": "user",
        "request_slots": {
          "address": "UNK"
        },
        "inform_slots": {},
        "diaact": "request"
      },
      {
        "turn": 7,
        "speaker": "agent",
        "diaact": "confirm_answer",
        "inform_slots": {},
        "request_slots": {}
      },
      {
        "turn": 8,
        "speaker": "user",
        "request_slots": {
          "address": "UNK"
        },
        "inform_slots": {},
        "diaact": "request"
      },
      {
        "turn": 9,
        "speaker": "agent",
        "diaact": "request",
        "inform_slots": {},
        "request_slots": {
          "pricerange": "UNK"
        }
      },
      {
        "turn": 10,
        "speaker": "user",
        "request_slots": {},
        "inform_slots": {
          "pricerange": "I do not care"
        },
        "diaact": "inform"
      },
      {
        "turn": 11,
        "speaker": "agent",
        "diaact": "request",
        "inform_slots": {},
        "request_slots": {
          "pricerange": "UNK"
        }
      },
      {
        "turn": 12,
        "speaker": "user",
        "request_slots": {},
        "inform_slots": {
          "pricerange": "I do not care"
        },
        "diaact": "inform"
      },
      {
        "turn": 13,
        "speaker": "agent",
        "diaact": "inform",